kind,pointer,name,tier,tier_label,equation,identifier,identifier_source,distinct_paper_count,is_review_only,rag_confidence,sources,quotes,flags,notes
reaction,/processes/reactions/0,MenD reaction,C,single-source (review),α-ketoglutarate + isochorismate -> SEPHCHC,,,0,False,"0.6 (heuristic, not a probability)",menaquinone biosynthesis (MenD step) (seed_paper) -- (section unknown),,,stated in the uploaded seed paper; no retrieved paper corroborates it
reaction,/processes/reactions/1,decarboxylation of 2-oxoglutarate,C,single-source (review),α-ketoglutarate -> intermediate I,,,1,False,"0.9475 (heuristic, not a probability)",menaquinone biosynthesis (MenD step) (seed_paper) -- introduction section,"Introduction Menaquinones, a family of related redox-active molecules, play vital functions in electron transport and energy generation in mycobacteria, Gram-positive and some anaerobically respiring Gram-negative bacteria (Nowicka & Kruk, 2010 ▸ ; Boersch et al. , 2018 ▸ ; Kurosu & Begari, 2010 ▸ ). These molecules have been implicated in other roles, such as in redox-state monitoring, influencing membrane fluidity, biofilm formation and virulence (Johnston & Bulloch, 2020 ▸ ; Flegler et al. , 2021 ▸ ; Mashruwala et al. , 2017 ▸ ; Honaker et al. , 2010 ▸ ; Upadhyay et al. , 2015 ▸ ). These roles, combined with the absence of menaquinone-biosynthesis pathways in humans, have made the bacterial menaquinone-biosynthesis enzymes of interest as potential drug targets (Boersch et al. , 2018 ▸ ). An important player in menaquinone production is the thiamine diphosphate (ThDP)-dependent decarboxylase MenD [2-succinyl-5-enolpyruvyl-6-hydroxy-3-cyclohexene-1-carboxylate (SEPHCHC) synthase] (Johnston & Bulloch, 2020 ▸ ). MenD catalyses the first irreversible step of the classical menaquinone-biosynthesis pathway (Supplementary Fig. S1) via two covalent ThDP intermediates; decarboxylation of 2-oxoglutarate produces intermediate I, with subsequent addition of isochorismate generating intermediate II and breakdown to release SEPHCHC (Fig. 1 ▸ ; Jirgis et al. , 2016 ▸ ; Frank et al. , 2007 ▸ ; Dawson et al. , 2008 ▸ ). Like other members of the ThDP-dependent decarboxylase superfamily, MenD enzymes have a common fold consisting of the catalytic aminopyrimidine-binding (PYR) and pyrophosphate-binding (PP) domains, separated by the more divergent transhydro­genase III (TH3) domain (Vogel & Pleiss, 2014 ▸ ; Duggleby, 2006 ▸ ). All MenD structures reported to date have a tetrameric ‘dimer-of-dimers’ arrangement, and oligomerization appears to be catalytically important, with active-site formation involving the PYR and PP domains from two different monomers in each dimer (Dawson et al. , 2008 ▸ , 2010 ▸ ; Jirgis et al. , 2016 ▸ ; Vogel & Pleiss, 2014 ▸ ; Duggleby, 2006 ▸ ). The function of the TH3 domain in MenD is poorly understood. In Mycobacterium tuberculosis MenD ( Mtb MenD), 1,4-dihydroxy-2-naphthoic acid (DHNA), the last cytosolic metabolite of the pathway, can bind to the TH3 domain and inhibit activity (Bashiri et al. , 2020 ▸ ). Further, DHNA inhibition, albeit less potent and without crystallographic capturing, has been reported for Staphylococcus aureus and Bacillus subtilis MenD ( Sau MenD and Bsu MenD; Stanborough et al. , 2023 ▸ ; Huang et al. , 2024 ▸ ). However, due to low sequence conservation, particularly for the putative allosteric sites, it remains unclear how widespread feedback inhibition is amongst homologs (Stanborough et al. , 2023 ▸ ; Bashiri et al. , 2020 ▸ ). Here, we report two structures of MenD from the Gram-positive pathogen Listeria monocytogenes ( Lmo MenD); one with ThDP bound and a second with intermediate I bound, as well as their oligomeric states in solution and functional characterization. An existing apo Lmo MenD structure in the PDB (PDB entry 3lq1 ; New York Structural Genomics Research Consortium, unpublished work) is incomplete, showing regions of disorder around the active site and C-terminus. The liganded structures from this study are more complete, revealing that several of the previously disordered regions contribute to ligand interactions and/or closing of the active site. Interestingly, in L. monocytogenes , DHNA is known to fulfil respiration-independent functions in virulence and pathogenic survival (Chen et al. , 2019 ▸ ; Smith et al. , 2021 ▸ ), but the effect of DHNA on Lmo MenD enzyme activity had not been explored. This study has enabled us to demonstrate that while DHNA has some ability to inhibit the activity of Lmo MenD, this inhibition is modest. 2.",,
reaction,/processes/reactions/2,addition of isochorismate to intermediate I,C,single-source (review),intermediate I + isochorismate -> intermediate II,,,1,False,"0.9475 (heuristic, not a probability)",menaquinone biosynthesis (MenD step) (seed_paper) -- introduction section,"Introduction Menaquinones, a family of related redox-active molecules, play vital functions in electron transport and energy generation in mycobacteria, Gram-positive and some anaerobically respiring Gram-negative bacteria (Nowicka & Kruk, 2010 ▸ ; Boersch et al. , 2018 ▸ ; Kurosu & Begari, 2010 ▸ ). These molecules have been implicated in other roles, such as in redox-state monitoring, influencing membrane fluidity, biofilm formation and virulence (Johnston & Bulloch, 2020 ▸ ; Flegler et al. , 2021 ▸ ; Mashruwala et al. , 2017 ▸ ; Honaker et al. , 2010 ▸ ; Upadhyay et al. , 2015 ▸ ). These roles, combined with the absence of menaquinone-biosynthesis pathways in humans, have made the bacterial menaquinone-biosynthesis enzymes of interest as potential drug targets (Boersch et al. , 2018 ▸ ). An important player in menaquinone production is the thiamine diphosphate (ThDP)-dependent decarboxylase MenD [2-succinyl-5-enolpyruvyl-6-hydroxy-3-cyclohexene-1-carboxylate (SEPHCHC) synthase] (Johnston & Bulloch, 2020 ▸ ). MenD catalyses the first irreversible step of the classical menaquinone-biosynthesis pathway (Supplementary Fig. S1) via two covalent ThDP intermediates; decarboxylation of 2-oxoglutarate produces intermediate I, with subsequent addition of isochorismate generating intermediate II and breakdown to release SEPHCHC (Fig. 1 ▸ ; Jirgis et al. , 2016 ▸ ; Frank et al. , 2007 ▸ ; Dawson et al. , 2008 ▸ ). Like other members of the ThDP-dependent decarboxylase superfamily, MenD enzymes have a common fold consisting of the catalytic aminopyrimidine-binding (PYR) and pyrophosphate-binding (PP) domains, separated by the more divergent transhydro­genase III (TH3) domain (Vogel & Pleiss, 2014 ▸ ; Duggleby, 2006 ▸ ). All MenD structures reported to date have a tetrameric ‘dimer-of-dimers’ arrangement, and oligomerization appears to be catalytically important, with active-site formation involving the PYR and PP domains from two different monomers in each dimer (Dawson et al. , 2008 ▸ , 2010 ▸ ; Jirgis et al. , 2016 ▸ ; Vogel & Pleiss, 2014 ▸ ; Duggleby, 2006 ▸ ). The function of the TH3 domain in MenD is poorly understood. In Mycobacterium tuberculosis MenD ( Mtb MenD), 1,4-dihydroxy-2-naphthoic acid (DHNA), the last cytosolic metabolite of the pathway, can bind to the TH3 domain and inhibit activity (Bashiri et al. , 2020 ▸ ). Further, DHNA inhibition, albeit less potent and without crystallographic capturing, has been reported for Staphylococcus aureus and Bacillus subtilis MenD ( Sau MenD and Bsu MenD; Stanborough et al. , 2023 ▸ ; Huang et al. , 2024 ▸ ). However, due to low sequence conservation, particularly for the putative allosteric sites, it remains unclear how widespread feedback inhibition is amongst homologs (Stanborough et al. , 2023 ▸ ; Bashiri et al. , 2020 ▸ ). Here, we report two structures of MenD from the Gram-positive pathogen Listeria monocytogenes ( Lmo MenD); one with ThDP bound and a second with intermediate I bound, as well as their oligomeric states in solution and functional characterization. An existing apo Lmo MenD structure in the PDB (PDB entry 3lq1 ; New York Structural Genomics Research Consortium, unpublished work) is incomplete, showing regions of disorder around the active site and C-terminus. The liganded structures from this study are more complete, revealing that several of the previously disordered regions contribute to ligand interactions and/or closing of the active site. Interestingly, in L. monocytogenes , DHNA is known to fulfil respiration-independent functions in virulence and pathogenic survival (Chen et al. , 2019 ▸ ; Smith et al. , 2021 ▸ ), but the effect of DHNA on Lmo MenD enzyme activity had not been explored. This study has enabled us to demonstrate that while DHNA has some ability to inhibit the activity of Lmo MenD, this inhibition is modest. 2.",,
reaction,/processes/reactions/3,breakdown of intermediate II,C,single-source (review),intermediate II -> SEPHCHC,,,1,False,"0.9475 (heuristic, not a probability)",menaquinone biosynthesis (MenD step) (seed_paper) -- introduction section,"Introduction Menaquinones, a family of related redox-active molecules, play vital functions in electron transport and energy generation in mycobacteria, Gram-positive and some anaerobically respiring Gram-negative bacteria (Nowicka & Kruk, 2010 ▸ ; Boersch et al. , 2018 ▸ ; Kurosu & Begari, 2010 ▸ ). These molecules have been implicated in other roles, such as in redox-state monitoring, influencing membrane fluidity, biofilm formation and virulence (Johnston & Bulloch, 2020 ▸ ; Flegler et al. , 2021 ▸ ; Mashruwala et al. , 2017 ▸ ; Honaker et al. , 2010 ▸ ; Upadhyay et al. , 2015 ▸ ). These roles, combined with the absence of menaquinone-biosynthesis pathways in humans, have made the bacterial menaquinone-biosynthesis enzymes of interest as potential drug targets (Boersch et al. , 2018 ▸ ). An important player in menaquinone production is the thiamine diphosphate (ThDP)-dependent decarboxylase MenD [2-succinyl-5-enolpyruvyl-6-hydroxy-3-cyclohexene-1-carboxylate (SEPHCHC) synthase] (Johnston & Bulloch, 2020 ▸ ). MenD catalyses the first irreversible step of the classical menaquinone-biosynthesis pathway (Supplementary Fig. S1) via two covalent ThDP intermediates; decarboxylation of 2-oxoglutarate produces intermediate I, with subsequent addition of isochorismate generating intermediate II and breakdown to release SEPHCHC (Fig. 1 ▸ ; Jirgis et al. , 2016 ▸ ; Frank et al. , 2007 ▸ ; Dawson et al. , 2008 ▸ ). Like other members of the ThDP-dependent decarboxylase superfamily, MenD enzymes have a common fold consisting of the catalytic aminopyrimidine-binding (PYR) and pyrophosphate-binding (PP) domains, separated by the more divergent transhydro­genase III (TH3) domain (Vogel & Pleiss, 2014 ▸ ; Duggleby, 2006 ▸ ). All MenD structures reported to date have a tetrameric ‘dimer-of-dimers’ arrangement, and oligomerization appears to be catalytically important, with active-site formation involving the PYR and PP domains from two different monomers in each dimer (Dawson et al. , 2008 ▸ , 2010 ▸ ; Jirgis et al. , 2016 ▸ ; Vogel & Pleiss, 2014 ▸ ; Duggleby, 2006 ▸ ). The function of the TH3 domain in MenD is poorly understood. In Mycobacterium tuberculosis MenD ( Mtb MenD), 1,4-dihydroxy-2-naphthoic acid (DHNA), the last cytosolic metabolite of the pathway, can bind to the TH3 domain and inhibit activity (Bashiri et al. , 2020 ▸ ). Further, DHNA inhibition, albeit less potent and without crystallographic capturing, has been reported for Staphylococcus aureus and Bacillus subtilis MenD ( Sau MenD and Bsu MenD; Stanborough et al. , 2023 ▸ ; Huang et al. , 2024 ▸ ). However, due to low sequence conservation, particularly for the putative allosteric sites, it remains unclear how widespread feedback inhibition is amongst homologs (Stanborough et al. , 2023 ▸ ; Bashiri et al. , 2020 ▸ ). Here, we report two structures of MenD from the Gram-positive pathogen Listeria monocytogenes ( Lmo MenD); one with ThDP bound and a second with intermediate I bound, as well as their oligomeric states in solution and functional characterization. An existing apo Lmo MenD structure in the PDB (PDB entry 3lq1 ; New York Structural Genomics Research Consortium, unpublished work) is incomplete, showing regions of disorder around the active site and C-terminus. The liganded structures from this study are more complete, revealing that several of the previously disordered regions contribute to ligand interactions and/or closing of the active site. Interestingly, in L. monocytogenes , DHNA is known to fulfil respiration-independent functions in virulence and pathogenic survival (Chen et al. , 2019 ▸ ; Smith et al. , 2021 ▸ ), but the effect of DHNA on Lmo MenD enzyme activity had not been explored. This study has enabled us to demonstrate that while DHNA has some ability to inhibit the activity of Lmo MenD, this inhibition is modest. 2.",,
entity,/entities/compounds/0,intermediate I,C,single-source (review),,,,1,False,"0.9475 (heuristic, not a probability)",menaquinone biosynthesis (MenD step) (seed_paper) -- introduction section,"Introduction Menaquinones, a family of related redox-active molecules, play vital functions in electron transport and energy generation in mycobacteria, Gram-positive and some anaerobically respiring Gram-negative bacteria (Nowicka & Kruk, 2010 ▸ ; Boersch et al. , 2018 ▸ ; Kurosu & Begari, 2010 ▸ ). These molecules have been implicated in other roles, such as in redox-state monitoring, influencing membrane fluidity, biofilm formation and virulence (Johnston & Bulloch, 2020 ▸ ; Flegler et al. , 2021 ▸ ; Mashruwala et al. , 2017 ▸ ; Honaker et al. , 2010 ▸ ; Upadhyay et al. , 2015 ▸ ). These roles, combined with the absence of menaquinone-biosynthesis pathways in humans, have made the bacterial menaquinone-biosynthesis enzymes of interest as potential drug targets (Boersch et al. , 2018 ▸ ). An important player in menaquinone production is the thiamine diphosphate (ThDP)-dependent decarboxylase MenD [2-succinyl-5-enolpyruvyl-6-hydroxy-3-cyclohexene-1-carboxylate (SEPHCHC) synthase] (Johnston & Bulloch, 2020 ▸ ). MenD catalyses the first irreversible step of the classical menaquinone-biosynthesis pathway (Supplementary Fig. S1) via two covalent ThDP intermediates; decarboxylation of 2-oxoglutarate produces intermediate I, with subsequent addition of isochorismate generating intermediate II and breakdown to release SEPHCHC (Fig. 1 ▸ ; Jirgis et al. , 2016 ▸ ; Frank et al. , 2007 ▸ ; Dawson et al. , 2008 ▸ ). Like other members of the ThDP-dependent decarboxylase superfamily, MenD enzymes have a common fold consisting of the catalytic aminopyrimidine-binding (PYR) and pyrophosphate-binding (PP) domains, separated by the more divergent transhydro­genase III (TH3) domain (Vogel & Pleiss, 2014 ▸ ; Duggleby, 2006 ▸ ). All MenD structures reported to date have a tetrameric ‘dimer-of-dimers’ arrangement, and oligomerization appears to be catalytically important, with active-site formation involving the PYR and PP domains from two different monomers in each dimer (Dawson et al. , 2008 ▸ , 2010 ▸ ; Jirgis et al. , 2016 ▸ ; Vogel & Pleiss, 2014 ▸ ; Duggleby, 2006 ▸ ). The function of the TH3 domain in MenD is poorly understood. In Mycobacterium tuberculosis MenD ( Mtb MenD), 1,4-dihydroxy-2-naphthoic acid (DHNA), the last cytosolic metabolite of the pathway, can bind to the TH3 domain and inhibit activity (Bashiri et al. , 2020 ▸ ). Further, DHNA inhibition, albeit less potent and without crystallographic capturing, has been reported for Staphylococcus aureus and Bacillus subtilis MenD ( Sau MenD and Bsu MenD; Stanborough et al. , 2023 ▸ ; Huang et al. , 2024 ▸ ). However, due to low sequence conservation, particularly for the putative allosteric sites, it remains unclear how widespread feedback inhibition is amongst homologs (Stanborough et al. , 2023 ▸ ; Bashiri et al. , 2020 ▸ ). Here, we report two structures of MenD from the Gram-positive pathogen Listeria monocytogenes ( Lmo MenD); one with ThDP bound and a second with intermediate I bound, as well as their oligomeric states in solution and functional characterization. An existing apo Lmo MenD structure in the PDB (PDB entry 3lq1 ; New York Structural Genomics Research Consortium, unpublished work) is incomplete, showing regions of disorder around the active site and C-terminus. The liganded structures from this study are more complete, revealing that several of the previously disordered regions contribute to ligand interactions and/or closing of the active site. Interestingly, in L. monocytogenes , DHNA is known to fulfil respiration-independent functions in virulence and pathogenic survival (Chen et al. , 2019 ▸ ; Smith et al. , 2021 ▸ ), but the effect of DHNA on Lmo MenD enzyme activity had not been explored. This study has enabled us to demonstrate that while DHNA has some ability to inhibit the activity of Lmo MenD, this inhibition is modest. 2.",,
entity,/entities/compounds/1,intermediate II,C,single-source (review),,,,1,False,"0.9475 (heuristic, not a probability)",menaquinone biosynthesis (MenD step) (seed_paper) -- introduction section,"Introduction Menaquinones, a family of related redox-active molecules, play vital functions in electron transport and energy generation in mycobacteria, Gram-positive and some anaerobically respiring Gram-negative bacteria (Nowicka & Kruk, 2010 ▸ ; Boersch et al. , 2018 ▸ ; Kurosu & Begari, 2010 ▸ ). These molecules have been implicated in other roles, such as in redox-state monitoring, influencing membrane fluidity, biofilm formation and virulence (Johnston & Bulloch, 2020 ▸ ; Flegler et al. , 2021 ▸ ; Mashruwala et al. , 2017 ▸ ; Honaker et al. , 2010 ▸ ; Upadhyay et al. , 2015 ▸ ). These roles, combined with the absence of menaquinone-biosynthesis pathways in humans, have made the bacterial menaquinone-biosynthesis enzymes of interest as potential drug targets (Boersch et al. , 2018 ▸ ). An important player in menaquinone production is the thiamine diphosphate (ThDP)-dependent decarboxylase MenD [2-succinyl-5-enolpyruvyl-6-hydroxy-3-cyclohexene-1-carboxylate (SEPHCHC) synthase] (Johnston & Bulloch, 2020 ▸ ). MenD catalyses the first irreversible step of the classical menaquinone-biosynthesis pathway (Supplementary Fig. S1) via two covalent ThDP intermediates; decarboxylation of 2-oxoglutarate produces intermediate I, with subsequent addition of isochorismate generating intermediate II and breakdown to release SEPHCHC (Fig. 1 ▸ ; Jirgis et al. , 2016 ▸ ; Frank et al. , 2007 ▸ ; Dawson et al. , 2008 ▸ ). Like other members of the ThDP-dependent decarboxylase superfamily, MenD enzymes have a common fold consisting of the catalytic aminopyrimidine-binding (PYR) and pyrophosphate-binding (PP) domains, separated by the more divergent transhydro­genase III (TH3) domain (Vogel & Pleiss, 2014 ▸ ; Duggleby, 2006 ▸ ). All MenD structures reported to date have a tetrameric ‘dimer-of-dimers’ arrangement, and oligomerization appears to be catalytically important, with active-site formation involving the PYR and PP domains from two different monomers in each dimer (Dawson et al. , 2008 ▸ , 2010 ▸ ; Jirgis et al. , 2016 ▸ ; Vogel & Pleiss, 2014 ▸ ; Duggleby, 2006 ▸ ). The function of the TH3 domain in MenD is poorly understood. In Mycobacterium tuberculosis MenD ( Mtb MenD), 1,4-dihydroxy-2-naphthoic acid (DHNA), the last cytosolic metabolite of the pathway, can bind to the TH3 domain and inhibit activity (Bashiri et al. , 2020 ▸ ). Further, DHNA inhibition, albeit less potent and without crystallographic capturing, has been reported for Staphylococcus aureus and Bacillus subtilis MenD ( Sau MenD and Bsu MenD; Stanborough et al. , 2023 ▸ ; Huang et al. , 2024 ▸ ). However, due to low sequence conservation, particularly for the putative allosteric sites, it remains unclear how widespread feedback inhibition is amongst homologs (Stanborough et al. , 2023 ▸ ; Bashiri et al. , 2020 ▸ ). Here, we report two structures of MenD from the Gram-positive pathogen Listeria monocytogenes ( Lmo MenD); one with ThDP bound and a second with intermediate I bound, as well as their oligomeric states in solution and functional characterization. An existing apo Lmo MenD structure in the PDB (PDB entry 3lq1 ; New York Structural Genomics Research Consortium, unpublished work) is incomplete, showing regions of disorder around the active site and C-terminus. The liganded structures from this study are more complete, revealing that several of the previously disordered regions contribute to ligand interactions and/or closing of the active site. Interestingly, in L. monocytogenes , DHNA is known to fulfil respiration-independent functions in virulence and pathogenic survival (Chen et al. , 2019 ▸ ; Smith et al. , 2021 ▸ ), but the effect of DHNA on Lmo MenD enzyme activity had not been explored. This study has enabled us to demonstrate that while DHNA has some ability to inhibit the activity of Lmo MenD, this inhibition is modest. 2.",,
entity,/entities/compounds/2,isochorismate,A,DB-grounded,,40741,pathbank_compound_id,1,False,"0.9475 (heuristic, not a probability)",menaquinone biosynthesis (MenD step) (seed_paper) -- introduction section,"Introduction Menaquinones, a family of related redox-active molecules, play vital functions in electron transport and energy generation in mycobacteria, Gram-positive and some anaerobically respiring Gram-negative bacteria (Nowicka & Kruk, 2010 ▸ ; Boersch et al. , 2018 ▸ ; Kurosu & Begari, 2010 ▸ ). These molecules have been implicated in other roles, such as in redox-state monitoring, influencing membrane fluidity, biofilm formation and virulence (Johnston & Bulloch, 2020 ▸ ; Flegler et al. , 2021 ▸ ; Mashruwala et al. , 2017 ▸ ; Honaker et al. , 2010 ▸ ; Upadhyay et al. , 2015 ▸ ). These roles, combined with the absence of menaquinone-biosynthesis pathways in humans, have made the bacterial menaquinone-biosynthesis enzymes of interest as potential drug targets (Boersch et al. , 2018 ▸ ). An important player in menaquinone production is the thiamine diphosphate (ThDP)-dependent decarboxylase MenD [2-succinyl-5-enolpyruvyl-6-hydroxy-3-cyclohexene-1-carboxylate (SEPHCHC) synthase] (Johnston & Bulloch, 2020 ▸ ). MenD catalyses the first irreversible step of the classical menaquinone-biosynthesis pathway (Supplementary Fig. S1) via two covalent ThDP intermediates; decarboxylation of 2-oxoglutarate produces intermediate I, with subsequent addition of isochorismate generating intermediate II and breakdown to release SEPHCHC (Fig. 1 ▸ ; Jirgis et al. , 2016 ▸ ; Frank et al. , 2007 ▸ ; Dawson et al. , 2008 ▸ ). Like other members of the ThDP-dependent decarboxylase superfamily, MenD enzymes have a common fold consisting of the catalytic aminopyrimidine-binding (PYR) and pyrophosphate-binding (PP) domains, separated by the more divergent transhydro­genase III (TH3) domain (Vogel & Pleiss, 2014 ▸ ; Duggleby, 2006 ▸ ). All MenD structures reported to date have a tetrameric ‘dimer-of-dimers’ arrangement, and oligomerization appears to be catalytically important, with active-site formation involving the PYR and PP domains from two different monomers in each dimer (Dawson et al. , 2008 ▸ , 2010 ▸ ; Jirgis et al. , 2016 ▸ ; Vogel & Pleiss, 2014 ▸ ; Duggleby, 2006 ▸ ). The function of the TH3 domain in MenD is poorly understood. In Mycobacterium tuberculosis MenD ( Mtb MenD), 1,4-dihydroxy-2-naphthoic acid (DHNA), the last cytosolic metabolite of the pathway, can bind to the TH3 domain and inhibit activity (Bashiri et al. , 2020 ▸ ). Further, DHNA inhibition, albeit less potent and without crystallographic capturing, has been reported for Staphylococcus aureus and Bacillus subtilis MenD ( Sau MenD and Bsu MenD; Stanborough et al. , 2023 ▸ ; Huang et al. , 2024 ▸ ). However, due to low sequence conservation, particularly for the putative allosteric sites, it remains unclear how widespread feedback inhibition is amongst homologs (Stanborough et al. , 2023 ▸ ; Bashiri et al. , 2020 ▸ ). Here, we report two structures of MenD from the Gram-positive pathogen Listeria monocytogenes ( Lmo MenD); one with ThDP bound and a second with intermediate I bound, as well as their oligomeric states in solution and functional characterization. An existing apo Lmo MenD structure in the PDB (PDB entry 3lq1 ; New York Structural Genomics Research Consortium, unpublished work) is incomplete, showing regions of disorder around the active site and C-terminus. The liganded structures from this study are more complete, revealing that several of the previously disordered regions contribute to ligand interactions and/or closing of the active site. Interestingly, in L. monocytogenes , DHNA is known to fulfil respiration-independent functions in virulence and pathogenic survival (Chen et al. , 2019 ▸ ; Smith et al. , 2021 ▸ ), but the effect of DHNA on Lmo MenD enzyme activity had not been explored. This study has enabled us to demonstrate that while DHNA has some ability to inhibit the activity of Lmo MenD, this inhibition is modest. 2.",,
entity,/entities/compounds/3,SEPHCHC,C,single-source (review),,,,1,False,"0.9475 (heuristic, not a probability)",menaquinone biosynthesis (MenD step) (seed_paper) -- introduction section,"Introduction Menaquinones, a family of related redox-active molecules, play vital functions in electron transport and energy generation in mycobacteria, Gram-positive and some anaerobically respiring Gram-negative bacteria (Nowicka & Kruk, 2010 ▸ ; Boersch et al. , 2018 ▸ ; Kurosu & Begari, 2010 ▸ ). These molecules have been implicated in other roles, such as in redox-state monitoring, influencing membrane fluidity, biofilm formation and virulence (Johnston & Bulloch, 2020 ▸ ; Flegler et al. , 2021 ▸ ; Mashruwala et al. , 2017 ▸ ; Honaker et al. , 2010 ▸ ; Upadhyay et al. , 2015 ▸ ). These roles, combined with the absence of menaquinone-biosynthesis pathways in humans, have made the bacterial menaquinone-biosynthesis enzymes of interest as potential drug targets (Boersch et al. , 2018 ▸ ). An important player in menaquinone production is the thiamine diphosphate (ThDP)-dependent decarboxylase MenD [2-succinyl-5-enolpyruvyl-6-hydroxy-3-cyclohexene-1-carboxylate (SEPHCHC) synthase] (Johnston & Bulloch, 2020 ▸ ). MenD catalyses the first irreversible step of the classical menaquinone-biosynthesis pathway (Supplementary Fig. S1) via two covalent ThDP intermediates; decarboxylation of 2-oxoglutarate produces intermediate I, with subsequent addition of isochorismate generating intermediate II and breakdown to release SEPHCHC (Fig. 1 ▸ ; Jirgis et al. , 2016 ▸ ; Frank et al. , 2007 ▸ ; Dawson et al. , 2008 ▸ ). Like other members of the ThDP-dependent decarboxylase superfamily, MenD enzymes have a common fold consisting of the catalytic aminopyrimidine-binding (PYR) and pyrophosphate-binding (PP) domains, separated by the more divergent transhydro­genase III (TH3) domain (Vogel & Pleiss, 2014 ▸ ; Duggleby, 2006 ▸ ). All MenD structures reported to date have a tetrameric ‘dimer-of-dimers’ arrangement, and oligomerization appears to be catalytically important, with active-site formation involving the PYR and PP domains from two different monomers in each dimer (Dawson et al. , 2008 ▸ , 2010 ▸ ; Jirgis et al. , 2016 ▸ ; Vogel & Pleiss, 2014 ▸ ; Duggleby, 2006 ▸ ). The function of the TH3 domain in MenD is poorly understood. In Mycobacterium tuberculosis MenD ( Mtb MenD), 1,4-dihydroxy-2-naphthoic acid (DHNA), the last cytosolic metabolite of the pathway, can bind to the TH3 domain and inhibit activity (Bashiri et al. , 2020 ▸ ). Further, DHNA inhibition, albeit less potent and without crystallographic capturing, has been reported for Staphylococcus aureus and Bacillus subtilis MenD ( Sau MenD and Bsu MenD; Stanborough et al. , 2023 ▸ ; Huang et al. , 2024 ▸ ). However, due to low sequence conservation, particularly for the putative allosteric sites, it remains unclear how widespread feedback inhibition is amongst homologs (Stanborough et al. , 2023 ▸ ; Bashiri et al. , 2020 ▸ ). Here, we report two structures of MenD from the Gram-positive pathogen Listeria monocytogenes ( Lmo MenD); one with ThDP bound and a second with intermediate I bound, as well as their oligomeric states in solution and functional characterization. An existing apo Lmo MenD structure in the PDB (PDB entry 3lq1 ; New York Structural Genomics Research Consortium, unpublished work) is incomplete, showing regions of disorder around the active site and C-terminus. The liganded structures from this study are more complete, revealing that several of the previously disordered regions contribute to ligand interactions and/or closing of the active site. Interestingly, in L. monocytogenes , DHNA is known to fulfil respiration-independent functions in virulence and pathogenic survival (Chen et al. , 2019 ▸ ; Smith et al. , 2021 ▸ ), but the effect of DHNA on Lmo MenD enzyme activity had not been explored. This study has enabled us to demonstrate that while DHNA has some ability to inhibit the activity of Lmo MenD, this inhibition is modest. 2.",,
entity,/entities/compounds/4,α-ketoglutarate,A,DB-grounded,,DB02926,drugbank,1,False,"0.9475 (heuristic, not a probability)",menaquinone biosynthesis (MenD step) (seed_paper) -- introduction section,"Introduction Menaquinones, a family of related redox-active molecules, play vital functions in electron transport and energy generation in mycobacteria, Gram-positive and some anaerobically respiring Gram-negative bacteria (Nowicka & Kruk, 2010 ▸ ; Boersch et al. , 2018 ▸ ; Kurosu & Begari, 2010 ▸ ). These molecules have been implicated in other roles, such as in redox-state monitoring, influencing membrane fluidity, biofilm formation and virulence (Johnston & Bulloch, 2020 ▸ ; Flegler et al. , 2021 ▸ ; Mashruwala et al. , 2017 ▸ ; Honaker et al. , 2010 ▸ ; Upadhyay et al. , 2015 ▸ ). These roles, combined with the absence of menaquinone-biosynthesis pathways in humans, have made the bacterial menaquinone-biosynthesis enzymes of interest as potential drug targets (Boersch et al. , 2018 ▸ ). An important player in menaquinone production is the thiamine diphosphate (ThDP)-dependent decarboxylase MenD [2-succinyl-5-enolpyruvyl-6-hydroxy-3-cyclohexene-1-carboxylate (SEPHCHC) synthase] (Johnston & Bulloch, 2020 ▸ ). MenD catalyses the first irreversible step of the classical menaquinone-biosynthesis pathway (Supplementary Fig. S1) via two covalent ThDP intermediates; decarboxylation of 2-oxoglutarate produces intermediate I, with subsequent addition of isochorismate generating intermediate II and breakdown to release SEPHCHC (Fig. 1 ▸ ; Jirgis et al. , 2016 ▸ ; Frank et al. , 2007 ▸ ; Dawson et al. , 2008 ▸ ). Like other members of the ThDP-dependent decarboxylase superfamily, MenD enzymes have a common fold consisting of the catalytic aminopyrimidine-binding (PYR) and pyrophosphate-binding (PP) domains, separated by the more divergent transhydro­genase III (TH3) domain (Vogel & Pleiss, 2014 ▸ ; Duggleby, 2006 ▸ ). All MenD structures reported to date have a tetrameric ‘dimer-of-dimers’ arrangement, and oligomerization appears to be catalytically important, with active-site formation involving the PYR and PP domains from two different monomers in each dimer (Dawson et al. , 2008 ▸ , 2010 ▸ ; Jirgis et al. , 2016 ▸ ; Vogel & Pleiss, 2014 ▸ ; Duggleby, 2006 ▸ ). The function of the TH3 domain in MenD is poorly understood. In Mycobacterium tuberculosis MenD ( Mtb MenD), 1,4-dihydroxy-2-naphthoic acid (DHNA), the last cytosolic metabolite of the pathway, can bind to the TH3 domain and inhibit activity (Bashiri et al. , 2020 ▸ ). Further, DHNA inhibition, albeit less potent and without crystallographic capturing, has been reported for Staphylococcus aureus and Bacillus subtilis MenD ( Sau MenD and Bsu MenD; Stanborough et al. , 2023 ▸ ; Huang et al. , 2024 ▸ ). However, due to low sequence conservation, particularly for the putative allosteric sites, it remains unclear how widespread feedback inhibition is amongst homologs (Stanborough et al. , 2023 ▸ ; Bashiri et al. , 2020 ▸ ). Here, we report two structures of MenD from the Gram-positive pathogen Listeria monocytogenes ( Lmo MenD); one with ThDP bound and a second with intermediate I bound, as well as their oligomeric states in solution and functional characterization. An existing apo Lmo MenD structure in the PDB (PDB entry 3lq1 ; New York Structural Genomics Research Consortium, unpublished work) is incomplete, showing regions of disorder around the active site and C-terminus. The liganded structures from this study are more complete, revealing that several of the previously disordered regions contribute to ligand interactions and/or closing of the active site. Interestingly, in L. monocytogenes , DHNA is known to fulfil respiration-independent functions in virulence and pathogenic survival (Chen et al. , 2019 ▸ ; Smith et al. , 2021 ▸ ), but the effect of DHNA on Lmo MenD enzyme activity had not been explored. This study has enabled us to demonstrate that while DHNA has some ability to inhibit the activity of Lmo MenD, this inhibition is modest. 2.",,
entity,/entities/proteins/0,MenD,C,single-source (review),,,,1,False,"0.9475 (heuristic, not a probability)",menaquinone biosynthesis (MenD step) (seed_paper) -- introduction section,"Introduction Menaquinones, a family of related redox-active molecules, play vital functions in electron transport and energy generation in mycobacteria, Gram-positive and some anaerobically respiring Gram-negative bacteria (Nowicka & Kruk, 2010 ▸ ; Boersch et al. , 2018 ▸ ; Kurosu & Begari, 2010 ▸ ). These molecules have been implicated in other roles, such as in redox-state monitoring, influencing membrane fluidity, biofilm formation and virulence (Johnston & Bulloch, 2020 ▸ ; Flegler et al. , 2021 ▸ ; Mashruwala et al. , 2017 ▸ ; Honaker et al. , 2010 ▸ ; Upadhyay et al. , 2015 ▸ ). These roles, combined with the absence of menaquinone-biosynthesis pathways in humans, have made the bacterial menaquinone-biosynthesis enzymes of interest as potential drug targets (Boersch et al. , 2018 ▸ ). An important player in menaquinone production is the thiamine diphosphate (ThDP)-dependent decarboxylase MenD [2-succinyl-5-enolpyruvyl-6-hydroxy-3-cyclohexene-1-carboxylate (SEPHCHC) synthase] (Johnston & Bulloch, 2020 ▸ ). MenD catalyses the first irreversible step of the classical menaquinone-biosynthesis pathway (Supplementary Fig. S1) via two covalent ThDP intermediates; decarboxylation of 2-oxoglutarate produces intermediate I, with subsequent addition of isochorismate generating intermediate II and breakdown to release SEPHCHC (Fig. 1 ▸ ; Jirgis et al. , 2016 ▸ ; Frank et al. , 2007 ▸ ; Dawson et al. , 2008 ▸ ). Like other members of the ThDP-dependent decarboxylase superfamily, MenD enzymes have a common fold consisting of the catalytic aminopyrimidine-binding (PYR) and pyrophosphate-binding (PP) domains, separated by the more divergent transhydro­genase III (TH3) domain (Vogel & Pleiss, 2014 ▸ ; Duggleby, 2006 ▸ ). All MenD structures reported to date have a tetrameric ‘dimer-of-dimers’ arrangement, and oligomerization appears to be catalytically important, with active-site formation involving the PYR and PP domains from two different monomers in each dimer (Dawson et al. , 2008 ▸ , 2010 ▸ ; Jirgis et al. , 2016 ▸ ; Vogel & Pleiss, 2014 ▸ ; Duggleby, 2006 ▸ ). The function of the TH3 domain in MenD is poorly understood. In Mycobacterium tuberculosis MenD ( Mtb MenD), 1,4-dihydroxy-2-naphthoic acid (DHNA), the last cytosolic metabolite of the pathway, can bind to the TH3 domain and inhibit activity (Bashiri et al. , 2020 ▸ ). Further, DHNA inhibition, albeit less potent and without crystallographic capturing, has been reported for Staphylococcus aureus and Bacillus subtilis MenD ( Sau MenD and Bsu MenD; Stanborough et al. , 2023 ▸ ; Huang et al. , 2024 ▸ ). However, due to low sequence conservation, particularly for the putative allosteric sites, it remains unclear how widespread feedback inhibition is amongst homologs (Stanborough et al. , 2023 ▸ ; Bashiri et al. , 2020 ▸ ). Here, we report two structures of MenD from the Gram-positive pathogen Listeria monocytogenes ( Lmo MenD); one with ThDP bound and a second with intermediate I bound, as well as their oligomeric states in solution and functional characterization. An existing apo Lmo MenD structure in the PDB (PDB entry 3lq1 ; New York Structural Genomics Research Consortium, unpublished work) is incomplete, showing regions of disorder around the active site and C-terminus. The liganded structures from this study are more complete, revealing that several of the previously disordered regions contribute to ligand interactions and/or closing of the active site. Interestingly, in L. monocytogenes , DHNA is known to fulfil respiration-independent functions in virulence and pathogenic survival (Chen et al. , 2019 ▸ ; Smith et al. , 2021 ▸ ), but the effect of DHNA on Lmo MenD enzyme activity had not been explored. This study has enabled us to demonstrate that while DHNA has some ability to inhibit the activity of Lmo MenD, this inhibition is modest. 2.",,"identity rejected: best_effort guess (top candidate accepted unconditionally) | identity rejected: mapping rule best_effort_fallback is a guess, not a match"
entity,/processes/reactions/0/enzymes/0,MenD,C,single-source (review),,,,0,False,"0.6 (heuristic, not a probability)",menaquinone biosynthesis (MenD step) (seed_paper) -- (section unknown),,,"identity rejected: best_effort guess (top candidate accepted unconditionally) | identity rejected: mapping rule best_effort_fallback is a guess, not a match | stated in the uploaded seed paper; no retrieved paper corroborates it"
entity,/processes/reactions/1/enzymes/0,MenD,C,single-source (review),,,,1,False,"0.9475 (heuristic, not a probability)",menaquinone biosynthesis (MenD step) (seed_paper) -- introduction section,"Introduction Menaquinones, a family of related redox-active molecules, play vital functions in electron transport and energy generation in mycobacteria, Gram-positive and some anaerobically respiring Gram-negative bacteria (Nowicka & Kruk, 2010 ▸ ; Boersch et al. , 2018 ▸ ; Kurosu & Begari, 2010 ▸ ). These molecules have been implicated in other roles, such as in redox-state monitoring, influencing membrane fluidity, biofilm formation and virulence (Johnston & Bulloch, 2020 ▸ ; Flegler et al. , 2021 ▸ ; Mashruwala et al. , 2017 ▸ ; Honaker et al. , 2010 ▸ ; Upadhyay et al. , 2015 ▸ ). These roles, combined with the absence of menaquinone-biosynthesis pathways in humans, have made the bacterial menaquinone-biosynthesis enzymes of interest as potential drug targets (Boersch et al. , 2018 ▸ ). An important player in menaquinone production is the thiamine diphosphate (ThDP)-dependent decarboxylase MenD [2-succinyl-5-enolpyruvyl-6-hydroxy-3-cyclohexene-1-carboxylate (SEPHCHC) synthase] (Johnston & Bulloch, 2020 ▸ ). MenD catalyses the first irreversible step of the classical menaquinone-biosynthesis pathway (Supplementary Fig. S1) via two covalent ThDP intermediates; decarboxylation of 2-oxoglutarate produces intermediate I, with subsequent addition of isochorismate generating intermediate II and breakdown to release SEPHCHC (Fig. 1 ▸ ; Jirgis et al. , 2016 ▸ ; Frank et al. , 2007 ▸ ; Dawson et al. , 2008 ▸ ). Like other members of the ThDP-dependent decarboxylase superfamily, MenD enzymes have a common fold consisting of the catalytic aminopyrimidine-binding (PYR) and pyrophosphate-binding (PP) domains, separated by the more divergent transhydro­genase III (TH3) domain (Vogel & Pleiss, 2014 ▸ ; Duggleby, 2006 ▸ ). All MenD structures reported to date have a tetrameric ‘dimer-of-dimers’ arrangement, and oligomerization appears to be catalytically important, with active-site formation involving the PYR and PP domains from two different monomers in each dimer (Dawson et al. , 2008 ▸ , 2010 ▸ ; Jirgis et al. , 2016 ▸ ; Vogel & Pleiss, 2014 ▸ ; Duggleby, 2006 ▸ ). The function of the TH3 domain in MenD is poorly understood. In Mycobacterium tuberculosis MenD ( Mtb MenD), 1,4-dihydroxy-2-naphthoic acid (DHNA), the last cytosolic metabolite of the pathway, can bind to the TH3 domain and inhibit activity (Bashiri et al. , 2020 ▸ ). Further, DHNA inhibition, albeit less potent and without crystallographic capturing, has been reported for Staphylococcus aureus and Bacillus subtilis MenD ( Sau MenD and Bsu MenD; Stanborough et al. , 2023 ▸ ; Huang et al. , 2024 ▸ ). However, due to low sequence conservation, particularly for the putative allosteric sites, it remains unclear how widespread feedback inhibition is amongst homologs (Stanborough et al. , 2023 ▸ ; Bashiri et al. , 2020 ▸ ). Here, we report two structures of MenD from the Gram-positive pathogen Listeria monocytogenes ( Lmo MenD); one with ThDP bound and a second with intermediate I bound, as well as their oligomeric states in solution and functional characterization. An existing apo Lmo MenD structure in the PDB (PDB entry 3lq1 ; New York Structural Genomics Research Consortium, unpublished work) is incomplete, showing regions of disorder around the active site and C-terminus. The liganded structures from this study are more complete, revealing that several of the previously disordered regions contribute to ligand interactions and/or closing of the active site. Interestingly, in L. monocytogenes , DHNA is known to fulfil respiration-independent functions in virulence and pathogenic survival (Chen et al. , 2019 ▸ ; Smith et al. , 2021 ▸ ), but the effect of DHNA on Lmo MenD enzyme activity had not been explored. This study has enabled us to demonstrate that while DHNA has some ability to inhibit the activity of Lmo MenD, this inhibition is modest. 2.",,"identity rejected: best_effort guess (top candidate accepted unconditionally) | identity rejected: mapping rule best_effort_fallback is a guess, not a match"
entity,/processes/reactions/2/enzymes/0,MenD,C,single-source (review),,,,1,False,"0.9475 (heuristic, not a probability)",menaquinone biosynthesis (MenD step) (seed_paper) -- introduction section,"Introduction Menaquinones, a family of related redox-active molecules, play vital functions in electron transport and energy generation in mycobacteria, Gram-positive and some anaerobically respiring Gram-negative bacteria (Nowicka & Kruk, 2010 ▸ ; Boersch et al. , 2018 ▸ ; Kurosu & Begari, 2010 ▸ ). These molecules have been implicated in other roles, such as in redox-state monitoring, influencing membrane fluidity, biofilm formation and virulence (Johnston & Bulloch, 2020 ▸ ; Flegler et al. , 2021 ▸ ; Mashruwala et al. , 2017 ▸ ; Honaker et al. , 2010 ▸ ; Upadhyay et al. , 2015 ▸ ). These roles, combined with the absence of menaquinone-biosynthesis pathways in humans, have made the bacterial menaquinone-biosynthesis enzymes of interest as potential drug targets (Boersch et al. , 2018 ▸ ). An important player in menaquinone production is the thiamine diphosphate (ThDP)-dependent decarboxylase MenD [2-succinyl-5-enolpyruvyl-6-hydroxy-3-cyclohexene-1-carboxylate (SEPHCHC) synthase] (Johnston & Bulloch, 2020 ▸ ). MenD catalyses the first irreversible step of the classical menaquinone-biosynthesis pathway (Supplementary Fig. S1) via two covalent ThDP intermediates; decarboxylation of 2-oxoglutarate produces intermediate I, with subsequent addition of isochorismate generating intermediate II and breakdown to release SEPHCHC (Fig. 1 ▸ ; Jirgis et al. , 2016 ▸ ; Frank et al. , 2007 ▸ ; Dawson et al. , 2008 ▸ ). Like other members of the ThDP-dependent decarboxylase superfamily, MenD enzymes have a common fold consisting of the catalytic aminopyrimidine-binding (PYR) and pyrophosphate-binding (PP) domains, separated by the more divergent transhydro­genase III (TH3) domain (Vogel & Pleiss, 2014 ▸ ; Duggleby, 2006 ▸ ). All MenD structures reported to date have a tetrameric ‘dimer-of-dimers’ arrangement, and oligomerization appears to be catalytically important, with active-site formation involving the PYR and PP domains from two different monomers in each dimer (Dawson et al. , 2008 ▸ , 2010 ▸ ; Jirgis et al. , 2016 ▸ ; Vogel & Pleiss, 2014 ▸ ; Duggleby, 2006 ▸ ). The function of the TH3 domain in MenD is poorly understood. In Mycobacterium tuberculosis MenD ( Mtb MenD), 1,4-dihydroxy-2-naphthoic acid (DHNA), the last cytosolic metabolite of the pathway, can bind to the TH3 domain and inhibit activity (Bashiri et al. , 2020 ▸ ). Further, DHNA inhibition, albeit less potent and without crystallographic capturing, has been reported for Staphylococcus aureus and Bacillus subtilis MenD ( Sau MenD and Bsu MenD; Stanborough et al. , 2023 ▸ ; Huang et al. , 2024 ▸ ). However, due to low sequence conservation, particularly for the putative allosteric sites, it remains unclear how widespread feedback inhibition is amongst homologs (Stanborough et al. , 2023 ▸ ; Bashiri et al. , 2020 ▸ ). Here, we report two structures of MenD from the Gram-positive pathogen Listeria monocytogenes ( Lmo MenD); one with ThDP bound and a second with intermediate I bound, as well as their oligomeric states in solution and functional characterization. An existing apo Lmo MenD structure in the PDB (PDB entry 3lq1 ; New York Structural Genomics Research Consortium, unpublished work) is incomplete, showing regions of disorder around the active site and C-terminus. The liganded structures from this study are more complete, revealing that several of the previously disordered regions contribute to ligand interactions and/or closing of the active site. Interestingly, in L. monocytogenes , DHNA is known to fulfil respiration-independent functions in virulence and pathogenic survival (Chen et al. , 2019 ▸ ; Smith et al. , 2021 ▸ ), but the effect of DHNA on Lmo MenD enzyme activity had not been explored. This study has enabled us to demonstrate that while DHNA has some ability to inhibit the activity of Lmo MenD, this inhibition is modest. 2.",,"identity rejected: best_effort guess (top candidate accepted unconditionally) | identity rejected: mapping rule best_effort_fallback is a guess, not a match"
entity,/processes/reactions/3/enzymes/0,MenD,C,single-source (review),,,,1,False,"0.9475 (heuristic, not a probability)",menaquinone biosynthesis (MenD step) (seed_paper) -- introduction section,"Introduction Menaquinones, a family of related redox-active molecules, play vital functions in electron transport and energy generation in mycobacteria, Gram-positive and some anaerobically respiring Gram-negative bacteria (Nowicka & Kruk, 2010 ▸ ; Boersch et al. , 2018 ▸ ; Kurosu & Begari, 2010 ▸ ). These molecules have been implicated in other roles, such as in redox-state monitoring, influencing membrane fluidity, biofilm formation and virulence (Johnston & Bulloch, 2020 ▸ ; Flegler et al. , 2021 ▸ ; Mashruwala et al. , 2017 ▸ ; Honaker et al. , 2010 ▸ ; Upadhyay et al. , 2015 ▸ ). These roles, combined with the absence of menaquinone-biosynthesis pathways in humans, have made the bacterial menaquinone-biosynthesis enzymes of interest as potential drug targets (Boersch et al. , 2018 ▸ ). An important player in menaquinone production is the thiamine diphosphate (ThDP)-dependent decarboxylase MenD [2-succinyl-5-enolpyruvyl-6-hydroxy-3-cyclohexene-1-carboxylate (SEPHCHC) synthase] (Johnston & Bulloch, 2020 ▸ ). MenD catalyses the first irreversible step of the classical menaquinone-biosynthesis pathway (Supplementary Fig. S1) via two covalent ThDP intermediates; decarboxylation of 2-oxoglutarate produces intermediate I, with subsequent addition of isochorismate generating intermediate II and breakdown to release SEPHCHC (Fig. 1 ▸ ; Jirgis et al. , 2016 ▸ ; Frank et al. , 2007 ▸ ; Dawson et al. , 2008 ▸ ). Like other members of the ThDP-dependent decarboxylase superfamily, MenD enzymes have a common fold consisting of the catalytic aminopyrimidine-binding (PYR) and pyrophosphate-binding (PP) domains, separated by the more divergent transhydro­genase III (TH3) domain (Vogel & Pleiss, 2014 ▸ ; Duggleby, 2006 ▸ ). All MenD structures reported to date have a tetrameric ‘dimer-of-dimers’ arrangement, and oligomerization appears to be catalytically important, with active-site formation involving the PYR and PP domains from two different monomers in each dimer (Dawson et al. , 2008 ▸ , 2010 ▸ ; Jirgis et al. , 2016 ▸ ; Vogel & Pleiss, 2014 ▸ ; Duggleby, 2006 ▸ ). The function of the TH3 domain in MenD is poorly understood. In Mycobacterium tuberculosis MenD ( Mtb MenD), 1,4-dihydroxy-2-naphthoic acid (DHNA), the last cytosolic metabolite of the pathway, can bind to the TH3 domain and inhibit activity (Bashiri et al. , 2020 ▸ ). Further, DHNA inhibition, albeit less potent and without crystallographic capturing, has been reported for Staphylococcus aureus and Bacillus subtilis MenD ( Sau MenD and Bsu MenD; Stanborough et al. , 2023 ▸ ; Huang et al. , 2024 ▸ ). However, due to low sequence conservation, particularly for the putative allosteric sites, it remains unclear how widespread feedback inhibition is amongst homologs (Stanborough et al. , 2023 ▸ ; Bashiri et al. , 2020 ▸ ). Here, we report two structures of MenD from the Gram-positive pathogen Listeria monocytogenes ( Lmo MenD); one with ThDP bound and a second with intermediate I bound, as well as their oligomeric states in solution and functional characterization. An existing apo Lmo MenD structure in the PDB (PDB entry 3lq1 ; New York Structural Genomics Research Consortium, unpublished work) is incomplete, showing regions of disorder around the active site and C-terminus. The liganded structures from this study are more complete, revealing that several of the previously disordered regions contribute to ligand interactions and/or closing of the active site. Interestingly, in L. monocytogenes , DHNA is known to fulfil respiration-independent functions in virulence and pathogenic survival (Chen et al. , 2019 ▸ ; Smith et al. , 2021 ▸ ), but the effect of DHNA on Lmo MenD enzyme activity had not been explored. This study has enabled us to demonstrate that while DHNA has some ability to inhibit the activity of Lmo MenD, this inhibition is modest. 2.",,"identity rejected: best_effort guess (top candidate accepted unconditionally) | identity rejected: mapping rule best_effort_fallback is a guess, not a match"
